t,d
0,3
0.1,3
0.2,2.95
0.3,2.95
0.4,2.9
0.5,2.9
0.6,2.9
0.7,2.9
0.8,2.85
0.9,2.85
1,2.8
1.1,2.8
1.2,2.8
1.3,2.8
1.4,2.75
1.5,2.75
1.6,2.7
1.7,2.7
1.8,2.7
1.9,2.7
2,2.65
2.1,2.65
2.2,2.65
2.3,2.65
2.4,2.65
2.5,2.65
2.6,2.7
2.7,2.7
2.8,2.7
2.9,2.7
3,2.8
3.1,2.8
3.2,2.9
3.3,2.9
3.4,3
3.5,3
3.6,2.3
3.7,2.2
3.8,2.2
3.9,2.15
4,2.15
4.1,2.15
4.2,2.15
4.3,2.1
4.4,2.1
4.5,2.1
4.6,2.1
4.7,2.05
4.8,2.05
4.9,2.05
5,2.05
5.1,2.05
5.2,2.05
5.3,2.05
5.4,2.05
5.5,2.1
5.6,2.1
5.7,2.15
5.8,2.15
5.9,2.2
6,2.2
6.1,2.3
6.2,2.3
6.3,2.4
6.4,2.4
6.5,2.55
6.6,2.55
6.7,2.75
6.8,2.75
6.9,2.8
7,2.8
7.1,2.8
7.2,2.8
7.3,2.75
7.4,2.75
7.5,2.7
7.6,2.7
7.7,2.7
7.8,2.7
7.9,2.65
8,2.65
8.1,2.65
8.2,2.65
8.3,2.6
8.4,2.6
8.5,2.55
8.6,2.55
8.7,2.55
8.8,2.55
8.9,2.55
9,2.55
9.1,2.55
9.2,2.55
9.3,2.55
9.4,2.55
9.5,2.6
9.6,2.6
9.7,2.7
9.8,2.7
9.9,2.75
10,2.75
10.1,2.9
10.2,2.9
10.3,2.1
10.4,2.05
10.5,2.05
10.6,2
10.7,2
10.8,2
10.9,2
11,1.95
11.1,1.95
11.2,1.9
11.3,1.9
11.4,1.85
11.5,1.85
11.6,1.75
11.7,1.75
11.8,1.65
11.9,1.65
12,1.55
12.1,1.55
12.2,1.45
12.3,1.45
12.4,1.4
12.5,1.4
12.6,1.35
12.7,1.35
12.8,1.3
12.9,1.3
13,1.3
13.1,1.3
13.2,1.25
13.3,1.25
13.4,1.2
13.5,1.2
13.6,1.2
13.7,1.2
13.8,1.15
13.9,1.15
14,1.15
14.1,1.15
14.2,1.1
14.3,1.1
14.4,1.05
14.5,1.05
14.6,1
14.7,1
14.8,0.9
14.9,0.9
15,0.8
15.1,0.8
15.2,0.7
15.3,0.7
15.4,0.7
15.5,0.7
15.6,0.65
15.7,0.65
15.8,0.65
15.9,0.65
16,0.65
16.1,0.65
16.2,0.65
16.3,0.65
16.4,0.65
16.5,0.65
16.6,0.6
16.7,0.6
16.8,0.65
16.9,0.65
17,0.65
17.1,0.65
17.2,0.65
17.3,0.65
17.4,0.65
17.5,0.65
17.6,0.7
17.7,0.7
17.8,0.75
17.9,0.75
18,0.8
18.1,0.8
18.2,0.85
18.3,0.85
18.4,0.95
18.5,0.95
18.6,0.9
18.7,0.9
18.8,0.8
18.9,0.8
19,0.7
19.1,0.7
19.2,0.65
19.3,0.65
19.4,0.65
19.5,0.65
19.6,0.6
19.7,0.6
19.8,0.6
19.9,0.6
20,0.6
20.1,0.6
20.2,0.55
20.3,0.55
20.4,0.55
20.5,0.55
20.6,0.55
20.7,0.55
20.8,0.55
20.9,0.55
21,0.55
21.1,0.55
21.2,0.55
21.3,0.55
21.4,0.55
21.5,0.55
21.6,0.6
21.7,0.6
21.8,0.6
21.9,0.6
22,0.65
22.1,0.65
22.2,0.7
22.3,0.7
22.4,0.8
22.5,0.8
22.6,0.85
22.7,0.85
22.8,0.95
22.9,0.95
23,1.1
23.1,1.1
23.2,1.2
23.3,1.2
23.4,1.2
23.5,1.2
23.6,1.1
23.7,1.1
23.8,1
23.9,1
24,0.95
24.1,0.95
24.2,0.95
24.3,0.95
24.4,1.05
24.5,1.05
24.6,1.1
24.7,1.1
24.8,1.1
24.9,1.1
25,1.05
25.1,1.05
25.2,1.05
25.3,1.05
25.4,1
25.5,1
25.6,0.95
25.7,0.95
25.8,0.95
25.9,0.95
26,1
26.1,1
26.2,1.05
26.3,1.05
26.4,1.05
26.5,1.05
26.6,1.05
26.7,1.05
26.8,1
26.9,1
27,0.95
27.1,0.95
27.2,0.95
27.3,0.95
27.4,1
27.5,1
27.6,1.05
27.7,1.05
27.8,1.05
27.9,1.05
28,1
28.1,1
28.2,0.95
28.3,0.95
28.4,0.95
28.5,0.95
28.6,1
28.7,1
28.8,1.05
28.9,1.05
29,1.05
29.1,1.05
29.2,1
29.3,1
29.4,0.95
29.5,0.95
29.6,0.95
29.7,0.95
29.8,1
29.9,1
30,1.05
30.1,1.05
30.2,1.05
30.3,1.05
30.4,1
30.5,1
30.6,1
30.7,1
30.8,0.95
30.9,0.95
31,0.95
31.1,0.95
31.2,1
31.3,1
31.4,1.05
31.5,1.05
31.6,1.05
31.7,1.05
31.8,1
31.9,1
32,1
32.1,1
32.2,1
32.3,1
32.4,0.95
32.5,0.95
32.6,0.95
32.7,0.95
32.8,1
32.9,1
33,1.05
33.1,1.05
33.2,1.05
33.3,1.05
33.4,1
33.5,1
33.6,1
33.7,1
33.8,0.95
33.9,0.95
34,0.95
34.1,0.95
34.2,1
34.3,1
34.4,1.05
34.5,1.05
34.6,1.05
34.7,1.05
34.8,1
34.9,1
35,1
35.1,1
35.2,1
35.3,1
35.4,0.95
35.5,0.95
35.6,0.95
35.7,0.95
35.8,1
35.9,1
36,1.05
36.1,1.05
36.2,1.05
36.3,1.05
36.4,1
36.5,1
36.6,1
36.7,1
36.8,1
36.9,1
37,0.95
37.1,0.95
37.2,0.95
37.3,0.95
37.4,1
37.5,1
37.6,1.05
37.7,1.05
37.8,1.05
37.9,1.05
38,1
38.1,1
38.2,1
38.3,1
38.4,0.9
38.5,0.9
38.6,0.9
38.7,0.9
38.8,0.95
38.9,0.95
39,1
39.1,1
39.2,1
39.3,1
39.4,1
39.5,1
39.6,1
39.7,1
39.8,1
39.9,1
40,0.95
40.1,0.95
40.2,0.95
40.3,0.95
40.4,1
40.5,1
40.6,1.1
40.7,1.1
40.8,1.1
40.9,1.1
41,1.05
41.1,1.05
41.2,1
41.3,1
41.4,0.95
41.5,0.95
41.6,0.95
41.7,0.95
41.8,1
41.9,1
42,1
42.1,1
42.2,1
42.3,1
42.4,1.05
42.5,1.05
42.6,1
42.7,1
42.8,0.95
42.9,0.95
43,0.95
43.1,0.95
43.2,0.95
43.3,0.95
43.4,1
43.5,1
43.6,1
43.7,1
43.8,1.05
43.9,1.05
44,1
44.1,1
44.2,1
44.3,1
44.4,1
44.5,1
44.6,0.95
44.7,0.95
44.8,1
44.9,1
45,1
45.1,1
45.2,1
45.3,1
45.4,1
45.5,1
45.6,0.95
45.7,0.95
45.8,0.95
45.9,0.95
46,1
46.1,1
46.2,1
46.3,1
46.4,1
46.5,1
46.6,1
46.7,1
46.8,1
46.9,1
47,1
47.1,1
47.2,1
47.3,1
47.4,1
47.5,1
47.6,0.95
47.7,0.95
47.8,0.95
47.9,0.95
48,1
48.1,1
48.2,1.05
48.3,1.05
48.4,1
48.5,1
48.6,1
48.7,1
48.8,1
48.9,1
49,1
49.1,1
49.2,1
49.3,1
49.4,1
49.5,1
49.6,1
49.7,1
49.8,1
49.9,1
50,0.95
50.1,0.95
50.2,0.95
50.3,0.95
50.4,1
50.5,1
50.6,1
50.7,1
50.8,1
50.9,1
51,1
51.1,1
51.2,1
51.3,1
51.4,1
51.5,1
51.6,1
51.7,1
51.8,0.95
51.9,0.95
52,0.95
52.1,0.95
52.2,0.95
52.3,0.95
52.4,1
52.5,1
52.6,1
52.7,1
52.8,1
52.9,1
53,1.05
53.1,1.05
53.2,1.05
53.3,1.05
53.4,1
53.5,1
53.6,1
53.7,1
53.8,1
53.9,1
54,0.95
54.1,0.95
54.2,0.95
54.3,0.95
54.4,1
54.5,1
54.6,1
54.7,1
54.8,1
54.9,1
55,1
55.1,1
55.2,1
55.3,1
55.4,1
55.5,1
55.6,1
55.7,1
55.8,0.95
55.9,0.95
56,1
56.1,1
56.2,0.95
56.3,0.95
56.4,1
56.5,1
56.6,1
56.7,1
56.8,1
56.9,1
57,0.95
57.1,0.95
57.2,0.95
57.3,0.95
57.4,0.95
57.5,0.95
57.6,1
57.7,1
57.8,1.05
57.9,1.05
58,1
58.1,1
58.2,0.95
58.3,0.95
58.4,0.95
58.5,0.95
58.6,1
58.7,1
58.8,1
58.9,1
59,1
59.1,1
59.2,1
59.3,1
59.4,1
59.5,1
59.6,1
59.7,1
59.8,1
59.9,1
60,0.95
60.1,0.95
60.2,0.95
60.3,0.95
60.4,0.95
60.5,0.95
60.6,1
60.7,1
60.8,1
60.9,1
61,1.05
61.1,1.05
61.2,1
61.3,1
61.4,0.95
61.5,0.95
61.6,0.95
61.7,0.95
61.8,1
61.9,1
62,1
62.1,1
62.2,1
62.3,1
62.4,1
62.5,1
62.6,1
62.7,1
62.8,0.95
62.9,0.95
63,0.95
63.1,0.95
63.2,1
63.3,1
63.4,1.05
63.5,1.05
63.6,1.05
63.7,1.05
63.8,0.95
63.9,0.95
64,0.9
64.1,0.9
64.2,0.95
64.3,0.95
64.4,0.95
64.5,0.95
64.6,1
64.7,1
64.8,1.05
64.9,1.05
65,1
65.1,1
65.2,1
65.3,1
65.4,1
65.5,1
65.6,0.95
65.7,0.95
65.8,0.95
65.9,0.95
66,0.95
66.1,0.95
66.2,1
66.3,1
66.4,1
66.5,1
66.6,1.05
66.7,1.05
66.8,1.05
66.9,1.05
67,1
67.1,1
67.2,0.95
67.3,0.95
67.4,0.95
67.5,0.95
67.6,0.95
67.7,0.95
67.8,0.95
67.9,0.95
68,1
68.1,1
68.2,1
68.3,1
68.4,1
68.5,1
68.6,1.05
68.7,1.05
68.8,1.05
68.9,1.05
69,1
69.1,1
69.2,0.95
69.3,0.95
69.4,0.95
69.5,0.95
69.6,1
69.7,1
69.8,0.95
69.9,0.95
70,1
70.1,1
70.2,1
70.3,1
70.4,1.05
70.5,1.05
70.6,1
70.7,1
70.8,0.95
70.9,0.95
71,0.95
71.1,0.95
71.2,0.95
71.3,0.95
71.4,1
71.5,1
71.6,1.05
71.7,1.05
71.8,1
71.9,1
72,0.95
72.1,0.95
72.2,1
72.3,1
72.4,1.05
72.5,1.05
72.6,1
72.7,1
72.8,0.95
72.9,0.95
73,1
73.1,1
73.2,1
73.3,1
73.4,0.95
73.5,0.95
73.6,1
73.7,1
73.8,1
73.9,1
74,0.95
74.1,0.95
74.2,1
74.3,1
74.4,1
74.5,1
74.6,1
74.7,1
74.8,1
74.9,1
75,1
75.1,1
75.2,1
75.3,1
75.4,0.95
75.5,0.95
75.6,0.95
75.7,0.95
75.8,1
75.9,1
76,1.05
76.1,1.05
76.2,1.05
76.3,1.05
76.4,1
76.5,1
76.6,0.95
76.7,0.95
76.8,1
76.9,1
77,1
77.1,1
77.2,1
77.3,1
77.4,1
77.5,1
77.6,0.95
77.7,0.95
77.8,0.95
77.9,0.95
78,0.95
78.1,0.95
78.2,1
78.3,1
78.4,1.05
78.5,1.05
78.6,1.05
78.7,1.05
78.8,1
78.9,1
79,0.95
79.1,0.95
79.2,0.95
79.3,0.95
79.4,1
79.5,1
79.6,1
79.7,1
79.8,1
79.9,1
80,1
80.1,1
80.2,1
80.3,1
80.4,1
80.5,1
80.6,0.95
80.7,0.95
80.8,0.95
80.9,0.95
81,1
81.1,1
81.2,1.05
81.3,1.05
81.4,1.05
81.5,1.05
81.6,1
81.7,1
81.8,0.95
81.9,0.95
82,0.95
82.1,0.95
82.2,0.95
82.3,0.95
82.4,0.95
82.5,0.95
82.6,1
82.7,1
82.8,1.05
82.9,1.05
83,1.05
83.1,1.05
83.2,1
83.3,1
83.4,0.95
83.5,0.95
83.6,1
83.7,1
83.8,1
83.9,1
84,1
84.1,1
84.2,1
84.3,1
84.4,0.95
84.5,0.95
84.6,1
84.7,1
84.8,1
84.9,1
85,1
85.1,1
85.2,0.95
85.3,0.95
85.4,1
85.5,1
85.6,1
85.7,1
85.8,1
85.9,1
86,1
86.1,1
86.2,1
86.3,1
86.4,0.95
86.5,0.95
86.6,1
86.7,1
86.8,1
86.9,1
87,1
87.1,1
87.2,1
87.3,1
87.4,0.95
87.5,0.95
87.6,1
87.7,1
87.8,1
87.9,1
88,1
88.1,1
88.2,1
88.3,1
88.4,1
88.5,1
88.6,1
88.7,1
88.8,1
88.9,1
89,0.95
89.1,0.95
89.2,0.95
89.3,0.95
89.4,1
89.5,1
89.6,1
89.7,1
89.8,1
89.9,1
90,1
90.1,1
90.2,1
90.3,1
90.4,1
90.5,1
90.6,1
90.7,1
90.8,1
90.9,1
91,1
91.1,1
91.2,1
91.3,1
91.4,0.95
91.5,0.95
91.6,0.95
91.7,0.95
91.8,1
91.9,1
92,1
92.1,1
92.2,1
92.3,1
92.4,1
92.5,1
92.6,1
92.7,1
92.8,1
92.9,1
93,1
93.1,1
93.2,0.95
93.3,0.95
93.4,0.95
93.5,0.95
93.6,0.95
93.7,0.95
93.8,1
93.9,1
94,1.05
94.1,1.05
94.2,1.05
94.3,1.05
94.4,1
94.5,1
94.6,0.95
94.7,0.95
94.8,0.95
94.9,0.95
95,1
95.1,1
95.2,0.95
95.3,0.95
95.4,1
95.5,1
95.6,1.05
95.7,1.05
95.8,1
95.9,1
96,0.95
96.1,0.95
96.2,0.95
96.3,0.95
96.4,0.95
96.5,0.95
96.6,1
96.7,1
96.8,1
96.9,1
97,1
97.1,1
97.2,1
97.3,1
97.4,1.05
97.5,1.05
97.6,1.05
97.7,1.05
97.8,1
97.9,1
98,0.95
98.1,0.95
98.2,0.9
98.3,0.9
98.4,0.95
98.5,0.95
98.6,0.95
98.7,0.95
98.8,0.95
98.9,0.95
99,0.95
99.1,0.95
99.2,1
99.3,1
99.4,1.05
99.5,1.05
99.6,1.05
99.7,1.05
99.8,1
99.9,1
100,0.95
100.1,0.95
100.2,0.95
100.3,0.95
100.4,0.95
100.5,0.95
100.6,1
100.7,1
100.8,1
100.9,1
101,1
101.1,1
101.2,1
101.3,1
101.4,1
101.5,1
101.6,1
101.7,1
101.8,1
101.9,1
102,0.95
102.1,0.95
102.2,0.95
102.3,0.95
102.4,1
102.5,1
102.6,1
102.7,1
102.8,0.95
102.9,0.95
103,0.95
103.1,0.95
103.2,0.95
103.3,0.95
103.4,1
103.5,1
103.6,1.05
103.7,1.05
103.8,1.05
103.9,1.05
104,1
104.1,1
104.2,0.95
104.3,0.95
104.4,0.95
104.5,0.95
104.6,0.95
104.7,0.95
104.8,1
104.9,1
105,1.05
105.1,1.05
105.2,1.05
105.3,1.05
105.4,1.05
105.5,1.05
105.6,1
105.7,1
105.8,0.95
105.9,0.95
106,0.95
106.1,0.95
106.2,0.95
106.3,0.95
106.4,1
106.5,1
106.6,1
106.7,1
106.8,1
106.9,1
107,0.95
107.1,0.95
107.2,0.95
107.3,0.95
107.4,1
107.5,1
107.6,1.05
107.7,1.05
107.8,1
107.9,1
108,1
108.1,1
108.2,1
108.3,1
108.4,1
108.5,1
108.6,0.95
108.7,0.95
108.8,0.95
108.9,0.95
109,0.95
109.1,0.95
109.2,1.05
109.3,1.05
109.4,1.1
109.5,1.1
109.6,1.05
109.7,1.05
109.8,1
109.9,1
110,1
110.1,1
110.2,0.95
110.3,0.95
110.4,0.95
110.5,0.95
110.6,1
110.7,1
110.8,1
110.9,1
111,0.95
111.1,0.95
111.2,1
111.3,1
111.4,1
111.5,1
111.6,1
111.7,1
111.8,1
111.9,1
112,1.05
112.1,1.05
112.2,1
112.3,1
112.4,0.95
112.5,0.95
112.6,0.95
112.7,0.95
112.8,1
112.9,1
113,1
113.1,1
113.2,0.95
113.3,0.95
113.4,1
113.5,1
113.6,1.05
113.7,1.05
113.8,1
113.9,1
114,0.95
114.1,0.95
114.2,1
114.3,1
114.4,1
114.5,1
114.6,0.95
114.7,0.95
114.8,1
114.9,1
115,1
115.1,1
115.2,0.95
115.3,0.95
115.4,1
115.5,1
115.6,1
115.7,1
115.8,1
115.9,1
116,1
116.1,1
116.2,1
116.3,1
116.4,1
116.5,1
116.6,1.05
116.7,1.05
116.8,1
116.9,1
117,0.95
117.1,0.95
117.2,0.95
117.3,0.95
117.4,1
117.5,1
117.6,1
117.7,1
117.8,1
117.9,1
118,1
118.1,1
118.2,1
118.3,1
118.4,0.95
118.5,0.95
118.6,0.95
118.7,0.95
118.8,1.05
118.9,1.05
119,1.05
119.1,1.05
119.2,1
119.3,1
119.4,1
119.5,1
119.6,0.95
119.7,0.95
119.8,0.95
119.9,0.95
120,1
120.1,1
120.2,1
120.3,1
120.4,1
120.5,1
120.6,1
120.7,1
120.8,1
120.9,1
121,1
121.1,1
121.2,1
121.3,1
121.4,1
121.5,1
121.6,1
121.7,1
121.8,0.95
121.9,0.95
122,0.95
122.1,0.95
122.2,1
122.3,1
122.4,1.05
122.5,1.05
122.6,1.05
122.7,1.05
122.8,1
122.9,1
123,1
123.1,1
123.2,0.95
123.3,0.95
123.4,0.95
123.5,0.95
123.6,1
123.7,1
123.8,1.05
123.9,1.05
124,1.05
124.1,1.05
124.2,1
124.3,1
124.4,1
124.5,1
124.6,1
124.7,1
124.8,0.95
124.9,0.95
125,0.95
125.1,0.95
125.2,1
125.3,1
125.4,1.05
125.5,1.05
125.6,1.05
125.7,1.05
125.8,1
125.9,1
126,1
126.1,1
126.2,0.95
126.3,0.95
126.4,0.95
126.5,0.95
126.6,1
126.7,1
126.8,1.05
126.9,1.05
127,1.05
127.1,1.05
127.2,1
127.3,1
127.4,1
127.5,1
127.6,0.95
127.7,0.95
127.8,0.95
127.9,0.95
128,1
128.1,1
128.2,1.05
128.3,1.05
128.4,1.05
128.5,1.05
128.6,1
128.7,1
128.8,1
128.9,1
129,0.95
129.1,0.95
129.2,0.95
129.3,0.95
129.4,1
129.5,1
129.6,1.05
129.7,1.05
129.8,1.05
129.9,1.05
130,1
130.1,1
130.2,1
130.3,1
130.4,0.95
130.5,0.95
130.6,0.95
130.7,0.95
130.8,1
130.9,1
131,1.05
131.1,1.05
131.2,1.05
131.3,1.05
131.4,1
131.5,1
131.6,1
131.7,1
131.8,0.95
131.9,0.95
132,0.95
132.1,0.95
132.2,1
132.3,1
132.4,1.05
132.5,1.05
132.6,1.05
132.7,1.05
132.8,1
132.9,1
133,1
133.1,1
133.2,1
133.3,1
133.4,0.95
133.5,0.95
133.6,0.95
133.7,0.95
133.8,1
133.9,1
134,1.05
134.1,1.05
134.2,1.05
134.3,1.05
134.4,1
134.5,1
134.6,1
134.7,1
134.8,0.95
134.9,0.95
135,0.95
135.1,0.95
135.2,1
135.3,1
135.4,1.05
135.5,1.05
135.6,1.05
135.7,1.05
135.8,1
135.9,1
136,1
136.1,1
136.2,0.95
136.3,0.95
136.4,0.95
136.5,0.95
136.6,1
136.7,1
136.8,0.95
136.9,0.95
137,0.85
137.1,0.85
137.2,0.75
137.3,0.75
137.4,0.7
137.5,0.7
137.6,0.65
137.7,0.65
137.8,0.65
137.9,0.65
138,0.6
138.1,0.6
138.2,0.6
138.3,0.6
138.4,0.55
138.5,0.55
138.6,0.55
138.7,0.55
138.8,0.55
138.9,0.55
139,0.5
139.1,0.5
139.2,0.5
139.3,0.5
139.4,0.5
139.5,0.5
139.6,0.5
139.7,0.5
139.8,0.5
139.9,0.5
140,0.5
140.1,0.5
140.2,0.5
140.3,0.5
140.4,0.55
140.5,0.55
140.6,0.55
140.7,0.55
140.8,0.6
140.9,0.6
141,0.65
141.1,0.65
141.2,0.7
141.3,0.7
141.4,0.8
141.5,0.8
141.6,0.85
141.7,0.85
141.8,1
141.9,1
142,1.15
142.1,1.15
142.2,1.2
142.3,1.2
142.4,1.1
142.5,1.1
142.6,1
142.7,1
142.8,0.95
142.9,0.95
143,1
143.1,1
143.2,1.05
143.3,1.05
143.4,1.1
143.5,1.1
143.6,1.1
143.7,1.1
143.8,1.05
143.9,1.05
144,1
144.1,1
144.2,1
144.3,1
144.4,1
144.5,1
144.6,1
144.7,1
144.8,1
144.9,1
145,1.05
145.1,1.05
145.2,1.05
145.3,1.05
145.4,1
145.5,1
145.6,1
145.7,1
145.8,1
145.9,1
146,1
146.1,1
146.2,1
146.3,1
146.4,1
146.5,1
146.6,1
146.7,1
146.8,1
146.9,1
147,1
147.1,1
147.2,1
147.3,1
147.4,1
147.5,1
147.6,1
147.7,1
147.8,1
147.9,1
148,1
148.1,1
148.2,1
148.3,1
148.4,1
148.5,1
148.6,1
148.7,1
148.8,1
148.9,1
149,1
149.1,1
149.2,1
149.3,1
149.4,1
149.5,1
149.6,1
149.7,1
149.8,1
149.9,1
150,1
150.1,1
150.2,1
150.3,1
150.4,1
150.5,1
150.6,1
150.7,1
150.8,1
150.9,1
151,1
151.1,1
151.2,1
151.3,1
151.4,1
151.5,1
151.6,1
151.7,1
151.8,1
151.9,1
152,1
152.1,1
152.2,1
152.3,1
152.4,1
152.5,1
152.6,1
152.7,1
152.8,1
152.9,1
153,1
153.1,1
153.2,1
153.3,1
153.4,1
153.5,1
153.6,1
153.7,1
153.8,1
153.9,1
154,1
154.1,1
154.2,1
154.3,1
154.4,1
154.5,1
154.6,1
154.7,1
154.8,1
154.9,1
155,1
155.1,1
155.2,1
155.3,1
155.4,1
155.5,1
155.6,1
155.7,1
155.8,1
155.9,1
156,1
156.1,1
156.2,1
156.3,1
156.4,1
156.5,1
156.6,1
156.7,1
156.8,1
156.9,1
157,1
157.1,1
157.2,1
157.3,1
157.4,1
157.5,1
157.6,1
157.7,1
157.8,1
157.9,1
158,1
158.1,1
158.2,1
158.3,1
158.4,1
158.5,1
158.6,1
158.7,1
158.8,1
158.9,1
159,1
159.1,1
159.2,1
159.3,1
159.4,1
159.5,1
159.6,1.05
159.7,1.05
159.8,1.05
159.9,1.05
160,1
160.1,1
160.2,0.95
160.3,0.95
160.4,0.95
160.5,0.95
160.6,0.95
160.7,0.95
160.8,1
160.9,1
161,1.05
161.1,1.05
161.2,1.05
161.3,1.05
161.4,1
161.5,1
161.6,1
161.7,1
161.8,1
161.9,1
162,0.95
162.1,0.95
162.2,0.95
162.3,0.95
162.4,1
162.5,1
162.6,1.05
162.7,1.05
162.8,1.05
162.9,1.05
163,1
163.1,1
163.2,1
163.3,1
163.4,0.95
163.5,0.95
163.6,0.95
163.7,0.95
163.8,1
163.9,1
164,1.05
164.1,1.05
164.2,1.05
164.3,1.05
164.4,1
164.5,1
164.6,1
164.7,1
164.8,0.95
164.9,0.95
165,0.95
165.1,0.95
165.2,1
165.3,1
165.4,1.05
165.5,1.05
165.6,1.05
165.7,1.05
165.8,1
165.9,1
166,1
166.1,1
166.2,0.95
166.3,0.95
166.4,0.95
166.5,0.95
166.6,1
166.7,1
166.8,1.05
166.9,1.05
167,1.05
167.1,1.05
167.2,1
167.3,1
167.4,1
167.5,1
167.6,0.95
167.7,0.95
167.8,0.95
167.9,0.95
168,1
168.1,1
168.2,1.05
168.3,1.05
168.4,1.05
168.5,1.05
168.6,1
168.7,1
168.8,1
168.9,1
169,1
169.1,1
169.2,0.95
169.3,0.95
169.4,0.95
169.5,0.95
169.6,1
169.7,1
169.8,1.05
169.9,1.05
170,1.05
170.1,1.05
170.2,1
170.3,1
170.4,1
170.5,1
170.6,0.95
170.7,0.95
170.8,0.95
170.9,0.95
171,1
171.1,1
171.2,1.05
171.3,1.05
171.4,1.05
171.5,1.05
171.6,1
171.7,1
171.8,1
171.9,1
172,1
172.1,1
172.2,0.95
172.3,0.95
172.4,0.95
172.5,0.95
172.6,1
172.7,1
172.8,1.05
172.9,1.05
173,1.05
173.1,1.05
173.2,1
173.3,1
173.4,1
173.5,1
173.6,0.95
173.7,0.95
173.8,0.95
173.9,0.95
174,1
174.1,1
174.2,1.05
174.3,1.05
174.4,1.05
174.5,1.05
174.6,1
174.7,1
174.8,1
174.9,1
175,1
175.1,1
175.2,0.95
175.3,0.95
175.4,0.95
175.5,0.95
175.6,1
175.7,1
175.8,1.05
175.9,1.05
176,1.05
176.1,1.05
176.2,1
176.3,1
176.4,1
176.5,1
176.6,0.95
176.7,0.95
176.8,0.95
176.9,0.95
177,1
177.1,1
177.2,1.05
177.3,1.05
177.4,1.05
177.5,1.05
177.6,1
177.7,1
177.8,1
177.9,1
178,1
178.1,1
178.2,0.95
178.3,0.95
178.4,0.95
178.5,0.95
178.6,1
178.7,1
178.8,1.05
178.9,1.05
179,1.05
179.1,1.05
179.2,1
179.3,1
179.4,1
179.5,1
179.6,0.95
179.7,0.95
179.8,0.95
179.9,0.95
180,1
180.1,1
180.2,1.05
180.3,1.05
180.4,1.05
180.5,1.05
180.6,1
180.7,1
180.8,1
180.9,1
181,1
181.1,1
181.2,0.95
181.3,0.95
181.4,0.95
181.5,0.95
181.6,1
181.7,1
181.8,1.05
181.9,1.05
182,1.05
182.1,1.05
182.2,1
182.3,1
182.4,1
182.5,1
182.6,0.95
182.7,0.95
182.8,0.95
182.9,0.95
183,1
183.1,1
183.2,1.05
183.3,1.05
183.4,1.05
183.5,1.05
183.6,1
183.7,1
183.8,1
183.9,1
184,1
184.1,1
184.2,0.95
184.3,0.95
184.4,0.95
184.5,0.95
184.6,1
184.7,1
184.8,1.05
184.9,1.05
185,1.05
185.1,1.05
185.2,1
185.3,1
185.4,1
185.5,1
185.6,0.95
185.7,0.95
185.8,0.95
185.9,0.95
186,1
186.1,1
186.2,1.05
186.3,1.05
186.4,1.05
186.5,1.05
186.6,1
186.7,1
186.8,1
186.9,1
187,1
187.1,1
187.2,0.95
187.3,0.95
187.4,0.95
187.5,0.95
187.6,1
187.7,1
187.8,1.05
187.9,1.05
188,1.05
188.1,1.05
188.2,1
188.3,1
188.4,1
188.5,1
188.6,1
188.7,1
188.8,0.95
188.9,0.95
189,0.95
189.1,0.95
189.2,1
189.3,1
189.4,1.05
189.5,1.05
189.6,1.05
189.7,1.05
189.8,1
189.9,1
190,1
190.1,1
190.2,1
190.3,1
190.4,0.95
190.5,0.95
190.6,0.95
190.7,0.95
190.8,1
190.9,1
191,1.05
191.1,1.05
191.2,1.05
191.3,1.05
191.4,1
191.5,1
191.6,1
191.7,1
191.8,1
191.9,1
192,0.95
192.1,0.95
192.2,0.95
192.3,0.95
192.4,1
192.5,1
192.6,1.05
192.7,1.05
192.8,1.05
192.9,1.05
193,0.95
193.1,0.95
193.2,0.9
193.3,0.9
193.4,0.75
193.5,0.75
193.6,0.65
193.7,0.65
193.8,0.6
193.9,0.6
194,0.55
194.1,0.55
194.2,0.55
194.3,0.55
194.4,0.5
194.5,0.5
194.6,0.5
194.7,0.5
194.8,0.45
194.9,0.45
195,0.45
195.1,0.45
195.2,0.4
195.3,0.4
195.4,0.4
195.5,0.4
195.6,0.4
195.7,0.4
195.8,0.4
195.9,0.4
196,0.4
196.1,0.4
196.2,0.35
196.3,0.35
196.4,0.4
196.5,0.4
196.6,0.4
196.7,0.4
196.8,0.4
196.9,0.4
197,0.4
197.1,0.4
197.2,0.45
197.3,0.45
197.4,0.5
197.5,0.5
197.6,0.55
197.7,0.55
197.8,0.6
197.9,0.6
198,0.65
198.1,0.65
198.2,0.75
198.3,0.75
198.4,0.9
198.5,0.9
198.6,1.05
198.7,1.05
198.8,1.2
198.9,1.2
199,1.2
199.1,1.2
199.2,1.05
199.3,1.05
199.4,0.95
199.5,0.95
199.6,0.95
199.7,0.95
199.8,1.05
199.9,1.05
200,1.15
200.1,1.15
200.2,1.1
200.3,1.1
200.4,1
200.5,1
200.6,1
200.7,1
200.8,1
200.9,1
201,1.05
201.1,1.05
201.2,1.05
201.3,1.05
201.4,1.05
201.5,1.05
201.6,1
201.7,1
201.8,0.95
201.9,0.95
202,1
202.1,1
202.2,1
202.3,1
202.4,1.05
202.5,1.05
202.6,1.05
202.7,1.05
202.8,1
202.9,1
203,1
203.1,1
203.2,1
203.3,1
203.4,1
203.5,1
203.6,1
203.7,1
203.8,1
203.9,1
204,1
204.1,1
204.2,1
204.3,1
204.4,1
204.5,1
204.6,1
204.7,1
204.8,1
204.9,1
205,1
205.1,1
205.2,1
205.3,1
205.4,1
205.5,1
205.6,1
205.7,1
205.8,1
205.9,1
206,1
206.1,1
206.2,1
206.3,1
206.4,1
206.5,1
206.6,1
206.7,1
206.8,1
206.9,1
207,1
207.1,1
207.2,1
207.3,1
207.4,1
207.5,1
207.6,1
207.7,1
207.8,1
207.9,1
208,1
208.1,1
208.2,1
208.3,1
208.4,1
208.5,1
208.6,1
208.7,1
208.8,1
208.9,1
209,1
209.1,1
209.2,1
209.3,1
209.4,1
209.5,1
209.6,1
209.7,1
209.8,1
209.9,1
210,1
210.1,1
210.2,1.05
210.3,1.05
210.4,1.05
210.5,1.05
210.6,1
210.7,1
210.8,0.95
210.9,0.95
211,0.95
211.1,0.95
211.2,0.95
211.3,0.95
211.4,1
211.5,1
211.6,1.05
211.7,1.05
211.8,1.05
211.9,1.05
212,1
212.1,1
212.2,1
212.3,1
212.4,1
212.5,1
212.6,1
212.7,1
212.8,0.95
212.9,0.95
213,0.95
213.1,0.95
213.2,1
213.3,1
213.4,1.05
213.5,1.05
213.6,1
213.7,1
213.8,0.95
213.9,0.95
214,0.95
214.1,0.95
214.2,1
214.3,1
214.4,1.05
214.5,1.05
214.6,1.05
214.7,1.05
214.8,1
214.9,1
215,0.95
215.1,0.95
215.2,0.95
215.3,0.95
215.4,0.95
215.5,0.95
215.6,0.95
215.7,0.95
215.8,1
215.9,1
216,1.1
216.1,1.1
216.2,1.1
216.3,1.1
216.4,1.05
216.5,1.05
216.6,1
216.7,1
216.8,0.95
216.9,0.95
217,0.95
217.1,0.95
217.2,1
217.3,1
217.4,1
217.5,1
